evaluation_id,step,cache_GB,journal_ms,compressor,distribution,repetition,duration_avg,duration_min,duration_max,duration_std,throughput_avg,throughput_min,throughput_max,throughput_std,is_path,elapsed_minutes,is_restart
1,1,2.0,100,snappy,zipfian,mean,76.69675641059875,76.163,77.449,0.417,35418.46750954288,35084.83,35576.31,172.36,True,6.72,False
2,1,0.25,100,snappy,zipfian,mean,89.688321018219,89.049,90.057,0.353,30026.573618734907,29893.97,30232.53,121.25,False,14.53,False
3,1,0.5,100,snappy,zipfian,mean,83.54493961334228,83.251,83.947,0.284,32338.284572912224,32169.7,32458.48,118.51,False,21.83,False
4,1,1.0,100,snappy,zipfian,mean,78.54691843986511,78.09,78.885,0.259,34543.21310861936,34386.42,34756.64,122.39,False,28.71,False
5,1,4.0,100,snappy,zipfian,mean,76.82395973205567,76.438,77.064,0.234,35384.23430702104,35268.99,35574.83,117.38,False,35.44,False
6,1,6.0,100,snappy,zipfian,mean,77.03406171798706,76.328,77.524,0.489,35300.80194626519,35070.41,35640.7,234.82,False,42.19,False
7,2,8.0,100,snappy,zipfian,mean,76.77847390174865,76.266,77.311,0.406,35419.10225358313,35151.8,35686.9,204.91,True,48.93,False
8,3,8.0,1,snappy,zipfian,mean,76.59354872703553,76.284,77.103,0.295,35509.30448713749,35256.85,35660.56,145.83,True,55.64,False
9,2,8.0,500,snappy,zipfian,mean,76.65822658538818,76.329,77.132,0.29,35479.91956690212,35249.57,35635.24,139.07,False,62.36,False
10,3,8.0,1,none,zipfian,mean,77.15045051574707,76.659,77.654,0.335,35261.43158836587,35019.08,35468.36,156.45,False,69.13,False
11,3,8.0,1,zstd,zipfian,mean,77.11455383300782,76.72,78.255,0.576,35350.47049203306,35198.68,35472.79,92.22,False,75.89,False
12,12,8.0,1,snappy,uniform,mean,74.90937452316284,74.233,75.435,0.455,36261.778148802274,35984.88,36605.94,222.25,True,82.46,False
13,3,8.0,1,snappy,latest,mean,75.96194610595703,75.282,76.568,0.429,35802.80520701465,35504.27,36044.15,180.59,False,89.13,False
14,4,0.25,1,snappy,uniform,mean,74.93850750923157,74.522,75.361,0.301,36249.85270295407,36095.99,36434.02,123.8,False,95.7,False
15,4,0.5,1,snappy,uniform,mean,74.93775429725648,74.497,75.799,0.482,36234.67313579602,35801.19,36458.41,244.64,False,102.28,False
16,4,1.0,1,snappy,uniform,mean,74.87806997299194,74.349,75.351,0.38,36252.17054350169,36013.22,36510.4,189.92,False,108.86,False
17,4,2.0,1,snappy,uniform,mean,75.08430314064026,74.759,75.3,0.178,36159.87020317443,36044.66,36330.61,94.81,False,115.45,False
18,11,4.0,1,snappy,uniform,mean,75.15209555625916,74.889,75.461,0.212,36114.3388243572,35959.1,36243.68,107.51,True,122.04,False
19,4,6.0,1,snappy,uniform,mean,75.18085350990296,74.445,75.728,0.46,36106.62621848019,35820.73,36488.55,238.6,False,128.64,False
20,4,8.0,100,snappy,uniform,mean,76.26485495567321,74.481,81.026,2.403,36067.17948338054,35697.85,36465.68,247.61,False,135.33,False
21,4,8.0,500,snappy,uniform,mean,75.121617269516,74.821,75.629,0.277,36132.06876624514,35885.0,36283.75,136.33,False,141.92,False
22,4,8.0,1,none,uniform,mean,75.02457265853882,74.515,75.663,0.369,36204.771245149015,35887.52,36473.99,186.87,False,148.51,False
23,4,8.0,1,zstd,uniform,mean,75.07742023468018,74.573,75.339,0.278,36173.19154272127,36017.78,36439.21,146.56,False,155.1,False
24,4,8.0,1,snappy,zipfian,mean,76.59354872703553,76.284,77.103,0.295,35509.30448713749,35256.85,35660.56,145.83,False,155.1,False
25,4,8.0,1,snappy,latest,mean,75.96194610595703,75.282,76.568,0.429,35802.80520701465,35504.27,36044.15,180.59,False,155.1,False
26,5,4.0,500,snappy,uniform,mean,74.87464776039124,74.527,75.405,0.316,36259.07211640421,35993.48,36446.47,160.12,True,161.67,True
27,5,0.25,500,snappy,uniform,mean,75.01019587516785,74.717,75.222,0.174,36184.74755927554,36073.1,36361.05,101.82,False,168.26,False
28,6,0.5,500,snappy,uniform,mean,74.83392519950867,74.609,75.135,0.179,36279.57985182712,36120.44,36393.62,95.49,True,174.82,False
29,5,1.0,500,snappy,uniform,mean,74.98115010261536,73.968,75.942,0.631,36207.26583952827,35720.27,36724.62,321.22,False,181.41,False
30,5,2.0,500,snappy,uniform,mean,75.11346764564514,74.587,75.809,0.393,36141.92970773701,35786.68,36401.38,198.4,False,188.0,False
31,5,6.0,500,snappy,uniform,mean,75.23858742713928,74.691,75.619,0.402,36079.98558601948,35884.5,36346.6,207.2,False,194.6,False
32,5,8.0,500,snappy,uniform,mean,75.121617269516,74.821,75.629,0.277,36132.06876624514,35885.0,36283.75,136.33,False,194.6,False
33,6,0.5,1,snappy,uniform,mean,74.93775429725648,74.497,75.799,0.482,36234.67313579602,35801.19,36458.41,244.64,False,194.6,False
34,6,0.5,100,snappy,uniform,mean,74.99696702957154,74.553,75.813,0.461,36258.00134856699,36104.65,36418.47,129.12,False,201.19,False
35,6,0.5,500,none,uniform,mean,74.98725323677063,74.541,75.291,0.284,36197.12458165592,36043.65,36425.21,146.12,False,207.77,False
36,7,0.5,500,zstd,uniform,mean,74.80445737838745,74.451,75.128,0.263,36288.869530756536,36124.52,36465.16,133.43,True,214.34,False
37,7,0.5,500,zstd,zipfian,mean,87.33696331977845,86.583,87.981,0.497,30844.919556768506,30583.6,31128.78,190.41,False,221.95,False
38,7,0.5,500,zstd,latest,mean,83.88476729393005,83.381,84.149,0.275,32275.4482905231,32089.05,32631.42,210.05,False,229.27,False
39,7,0.25,500,zstd,uniform,mean,74.96621923446655,74.799,75.098,0.113,36223.804610256375,36140.84,36293.52,66.84,False,235.85,False
40,7,1.0,500,zstd,uniform,mean,74.61917295455933,74.163,74.835,0.253,36391.07980420901,36268.84,36621.13,129.66,False,242.4,False
41,7,2.0,500,zstd,uniform,mean,75.23724527359009,74.889,75.679,0.26,36142.59755396955,36044.66,36245.22,68.14,False,249.01,False
42,8,4.0,500,zstd,uniform,mean,74.40937051773071,73.912,74.871,0.373,36494.47685490217,36263.71,36763.65,194.96,True,255.54,False
43,7,6.0,500,zstd,uniform,mean,75.1554455280304,74.55,75.735,0.434,36125.74996200462,35831.76,36431.95,219.67,False,262.14,False
44,7,8.0,500,zstd,uniform,mean,74.6052315711975,74.211,74.841,0.212,36393.32822610133,36277.58,36597.05,109.64,False,268.69,False
45,8,4.0,1,zstd,uniform,mean,74.84152936935425,74.22,75.988,0.606,36375.82095893835,36197.05,36592.34,135.91,False,275.26,False
46,8,4.0,100,zstd,uniform,mean,75.14984726905823,74.651,75.914,0.422,36116.62929784235,35749.7,36368.29,206.36,False,281.85,False
47,8,4.0,500,none,uniform,mean,75.08602924346924,74.721,75.459,0.281,36176.67702036504,36003.09,36373.45,147.47,False,288.44,False
48,8,4.0,500,snappy,uniform,mean,74.87464776039124,74.527,75.405,0.316,36259.07211640421,35993.48,36446.47,160.12,False,288.44,False
49,8,4.0,500,zstd,zipfian,mean,76.87723064422607,75.676,77.742,0.713,35345.26649484723,34936.88,35885.0,328.44,False,295.18,False
50,8,4.0,500,zstd,latest,mean,76.36894054412842,75.349,77.106,0.609,35704.4669858897,35386.0,36115.85,242.17,False,301.88,False
51,8,0.25,500,zstd,uniform,mean,74.96621923446655,74.799,75.098,0.113,36223.804610256375,36140.84,36293.52,66.84,False,301.88,False
52,8,0.5,500,zstd,uniform,mean,74.80445737838745,74.451,75.128,0.263,36288.869530756536,36124.52,36465.16,133.43,False,301.88,False
53,8,1.0,500,zstd,uniform,mean,74.61917295455933,74.163,74.835,0.253,36391.07980420901,36268.84,36621.13,129.66,False,301.88,False
54,8,2.0,500,zstd,uniform,mean,75.23724527359009,74.889,75.679,0.26,36142.59755396955,36044.66,36245.22,68.14,False,301.88,False
55,8,6.0,500,zstd,uniform,mean,75.1554455280304,74.55,75.735,0.434,36125.74996200462,35831.76,36431.95,219.67,False,301.88,False
56,8,8.0,500,zstd,uniform,mean,74.6052315711975,74.211,74.841,0.212,36393.32822610133,36277.58,36597.05,109.64,False,301.88,False
57,8,4.0,1,zstd,uniform,mean,74.84152936935425,74.22,75.988,0.606,36375.82095893835,36197.05,36592.34,135.91,False,301.88,False
58,8,4.0,100,zstd,uniform,mean,75.14984726905823,74.651,75.914,0.422,36116.62929784235,35749.7,36368.29,206.36,False,301.88,False
59,8,4.0,500,none,uniform,mean,75.08602924346924,74.721,75.459,0.281,36176.67702036504,36003.09,36373.45,147.47,False,301.88,False
60,8,4.0,500,snappy,uniform,mean,74.87464776039124,74.527,75.405,0.316,36259.07211640421,35993.48,36446.47,160.12,False,301.88,False
61,8,4.0,500,zstd,zipfian,mean,76.87723064422607,75.676,77.742,0.713,35345.26649484723,34936.88,35885.0,328.44,False,301.88,False
62,8,4.0,500,zstd,latest,mean,76.36894054412842,75.349,77.106,0.609,35704.4669858897,35386.0,36115.85,242.17,False,301.88,False
63,9,2.0,1,snappy,latest,mean,75.99709916114807,75.112,76.713,0.514,35794.44083628546,35423.7,36251.89,265.26,True,308.55,True
64,9,0.25,1,snappy,latest,mean,85.65020017623901,84.926,86.719,0.652,31516.61017847681,31104.2,31830.9,256.25,False,316.02,False
65,9,0.5,1,snappy,latest,mean,80.78425722122192,79.783,81.598,0.712,33512.723550242845,33152.89,33940.1,309.64,False,323.08,False
66,9,1.0,1,snappy,latest,mean,76.92133526802063,76.469,77.116,0.248,35317.228256399474,35200.13,35548.15,126.75,False,329.83,False
67,10,4.0,1,snappy,latest,mean,75.75115313529969,75.025,76.337,0.458,35919.26111490462,35607.98,36290.95,235.0,True,336.47,False
68,9,6.0,1,snappy,latest,mean,76.1932728767395,76.005,76.455,0.172,35703.53529973654,35572.85,35797.19,86.07,False,343.16,False
69,9,8.0,1,snappy,latest,mean,75.96194610595703,75.282,76.568,0.429,35802.80520701465,35504.27,36044.15,180.59,False,343.16,False
70,10,4.0,100,snappy,latest,mean,76.08935151100158,75.89,76.503,0.213,35753.11758749467,35543.71,35853.34,107.72,False,349.83,False
71,10,4.0,500,snappy,latest,mean,75.90586113929749,74.852,77.061,0.77,35848.85245439385,35288.44,36383.79,380.9,False,356.49,False
72,10,4.0,1,none,latest,mean,76.457763338089,75.551,77.048,0.507,35603.70661261709,35297.2,36065.99,258.66,False,363.19,False
73,10,4.0,1,zstd,latest,mean,76.58975057601928,75.998,77.252,0.411,35507.80333601096,35155.18,35798.19,211.82,False,369.91,False
74,10,4.0,1,snappy,uniform,mean,75.15209555625916,74.889,75.461,0.212,36114.3388243572,35959.1,36243.68,107.51,False,369.91,False
75,10,4.0,1,snappy,zipfian,mean,76.95105500221253,76.53,77.356,0.28,35342.6447432631,35160.01,35558.52,135.17,False,376.66,False
76,11,0.25,1,snappy,uniform,mean,74.93850750923157,74.522,75.361,0.301,36249.85270295407,36095.99,36434.02,123.8,False,376.66,False
77,11,0.5,1,snappy,uniform,mean,74.93775429725648,74.497,75.799,0.482,36234.67313579602,35801.19,36458.41,244.64,False,376.66,False
78,11,1.0,1,snappy,uniform,mean,74.87806997299194,74.349,75.351,0.38,36252.17054350169,36013.22,36510.4,189.92,False,376.66,False
79,11,2.0,1,snappy,uniform,mean,75.08430314064026,74.759,75.3,0.178,36159.87020317443,36044.66,36330.61,94.81,False,376.66,False
80,11,6.0,1,snappy,uniform,mean,75.18085350990296,74.445,75.728,0.46,36106.62621848019,35820.73,36488.55,238.6,False,376.66,False
81,11,8.0,1,snappy,uniform,mean,74.90937452316284,74.233,75.435,0.455,36261.778148802274,35984.88,36605.94,222.25,False,376.66,False
82,12,8.0,100,snappy,uniform,mean,76.26485495567321,74.481,81.026,2.403,36067.17948338054,35697.85,36465.68,247.61,False,376.66,False
83,12,8.0,500,snappy,uniform,mean,75.121617269516,74.821,75.629,0.277,36132.06876624514,35885.0,36283.75,136.33,False,376.66,False
84,12,8.0,1,none,uniform,mean,75.02457265853882,74.515,75.663,0.369,36204.771245149015,35887.52,36473.99,186.87,False,376.66,False
85,12,8.0,1,zstd,uniform,mean,75.07742023468018,74.573,75.339,0.278,36173.19154272127,36017.78,36439.21,146.56,False,376.66,False
86,12,8.0,1,snappy,zipfian,mean,76.59354872703553,76.284,77.103,0.295,35509.30448713749,35256.85,35660.56,145.83,False,376.66,False
87,12,8.0,1,snappy,latest,mean,75.96194610595703,75.282,76.568,0.429,35802.80520701465,35504.27,36044.15,180.59,False,376.66,False
88,12,0.25,1,snappy,uniform,mean,74.93850750923157,74.522,75.361,0.301,36249.85270295407,36095.99,36434.02,123.8,False,376.66,False
89,12,0.5,1,snappy,uniform,mean,74.93775429725648,74.497,75.799,0.482,36234.67313579602,35801.19,36458.41,244.64,False,376.66,False
90,12,1.0,1,snappy,uniform,mean,74.87806997299194,74.349,75.351,0.38,36252.17054350169,36013.22,36510.4,189.92,False,376.66,False
