evaluation_id,cache_GB,journal_ms,compressor,distribution,repetition,duration_avg,duration_min,duration_max,duration_std,throughput_avg,throughput_min,throughput_max,throughput_std,is_new_best,elapsed_minutes
1,8.0,100,snappy,zipfian,mean,76.32014484405518,75.918,76.569,0.245,35621.020724996975,35507.23,35737.22,96.13,True,6.69
2,4.0,500,snappy,latest,mean,75.79755845069886,75.285,76.481,0.445,35904.269261042486,35571.86,36163.81,220.15,True,13.34
3,2.0,1,zstd,uniform,mean,75.36528310775756,74.592,76.631,0.771,36128.88455023615,35739.71,36421.06,276.78,True,19.96
4,0.25,1,snappy,latest,mean,87.32396788597107,85.79,91.153,1.948,31243.51090383809,31068.34,31423.77,137.4,False,27.57
5,0.5,100,snappy,uniform,mean,75.1914213180542,74.863,75.633,0.312,36109.89113132958,35869.41,36275.52,154.31,False,34.17
6,0.25,1,snappy,zipfian,mean,89.5568555355072,89.408,89.755,0.143,30043.796262212116,29976.93,30105.6,52.6,False,41.96
7,2.0,1,none,zipfian,mean,76.91698169708252,76.285,77.401,0.395,35351.98709000045,35137.32,35672.98,203.73,False,48.71
8,1.0,500,none,latest,mean,76.60934867858887,76.207,76.986,0.249,35498.90037964114,35305.96,35698.35,124.74,False,55.42
9,8.0,1,zstd,latest,mean,76.26389784812928,75.708,77.226,0.535,35664.064934958486,35188.04,35930.33,260.75,False,62.11
10,2.0,500,zstd,latest,mean,76.3973846912384,75.736,77.171,0.529,35682.06672721836,35391.87,35924.78,182.36,False,68.81
11,0.5,500,none,uniform,mean,74.62442317008973,74.44,75.176,0.278,36406.51592631635,36107.7,36571.95,157.18,True,75.36
12,0.5,1,snappy,zipfian,mean,83.11945242881775,82.064,84.24,0.785,32531.90288766852,32063.33,32980.77,328.36,False,82.62
13,0.5,1,zstd,uniform,mean,74.62471776008606,74.254,74.925,0.226,36397.829067396335,36231.37,36588.15,117.7,False,89.18
14,4.0,100,snappy,latest,mean,75.81641535758972,75.179,76.153,0.39,35864.18235098237,35712.29,36216.51,189.95,False,95.83
15,6.0,100,none,uniform,mean,75.70995211601257,75.281,76.536,0.46,35975.76809329377,35782.68,36085.82,103.54,False,102.47
16,8.0,100,zstd,latest,mean,76.51576824188233,76.083,76.91,0.286,35522.73378792904,35366.44,35763.18,137.34,False,109.18
17,4.0,100,zstd,uniform,mean,75.1621298789978,74.648,75.6,0.371,36128.14810333044,35894.56,36371.39,167.52,False,115.78
18,8.0,500,snappy,uniform,mean,75.3040717124939,74.84,75.91,0.448,36037.79276951442,35742.71,36267.82,228.51,False,122.39
19,0.25,500,snappy,uniform,mean,74.67722496986389,74.158,75.129,0.31,36351.081068012296,36127.58,36614.84,155.37,False,128.94
20,8.0,500,none,uniform,mean,75.95406532287598,74.763,79.856,1.961,36247.11952890923,36079.71,36348.15,96.19,False,135.61
21,2.0,1,none,latest,mean,76.29262251853943,75.879,76.96,0.393,35650.38511708566,35343.98,35809.7,174.07,False,142.3
22,4.0,100,snappy,uniform,mean,75.44308853149414,74.763,76.201,0.631,35994.837300147534,35591.15,36302.79,285.75,False,148.92
23,0.25,100,snappy,latest,mean,85.65592365264892,84.344,86.616,0.911,31576.607389699464,31214.18,32017.21,316.43,False,156.39
24,0.25,1,none,latest,mean,79.8086546421051,78.936,80.903,0.682,33939.13768475944,33470.18,34330.62,298.77,False,163.37
25,0.5,500,snappy,latest,mean,80.12840838432312,79.402,80.555,0.455,33799.4107889366,33616.54,34117.41,199.69,False,170.38
26,1.0,100,none,latest,mean,76.80255651473999,76.525,76.97,0.157,35391.70110602438,35269.97,35538.77,89.15,False,177.12
27,8.0,100,snappy,latest,mean,76.30728421211242,75.913,76.618,0.306,35652.281238781405,35485.08,35879.97,165.16,False,183.81
28,1.0,500,none,zipfian,mean,77.64927892684936,77.193,78.092,0.289,34993.63623749999,34797.74,35207.88,132.08,False,190.61
29,1.0,500,zstd,latest,mean,78.02261605262757,77.561,78.651,0.409,34789.687931892404,34485.08,35039.21,205.66,False,197.45
30,8.0,1,none,latest,mean,76.24252977371216,75.958,76.416,0.161,35690.590592215405,35615.41,35785.68,61.29,False,204.14
31,0.25,1,snappy,uniform,mean,74.95722351074218,74.474,75.443,0.327,36238.40745540989,35954.55,36460.48,178.58,False,210.72
32,1.0,1,snappy,zipfian,mean,77.96013016700745,77.394,78.266,0.328,34801.843108196124,34682.24,35103.6,156.41,False,217.55
33,4.0,1,zstd,latest,mean,76.28073844909667,75.866,76.852,0.323,35650.99625576542,35350.33,35846.31,165.31,False,224.24
34,6.0,100,snappy,zipfian,mean,76.90832505226135,76.712,77.011,0.103,35344.16625379268,35280.17,35447.24,55.21,False,230.98
35,8.0,500,none,latest,mean,76.40837373733521,76.284,76.472,0.067,35616.85120600541,35584.72,35701.83,44.11,False,237.68
36,4.0,500,none,latest,mean,76.62752327919006,76.092,76.858,0.28,35514.042906153736,35394.31,35772.68,135.11,False,244.4
37,6.0,1,none,uniform,mean,75.24343795776367,74.673,76.307,0.635,36223.10470800922,35895.57,36413.29,205.19,False,251.0
38,6.0,100,snappy,latest,mean,76.07439370155335,75.082,76.794,0.604,35749.93834079939,35334.71,36262.16,318.93,False,257.67
39,0.5,500,zstd,latest,mean,83.12258133888244,82.477,83.646,0.439,32516.65732070725,32299.58,32769.26,168.83,False,264.93
40,6.0,1,snappy,uniform,mean,74.83889117240906,74.028,75.453,0.479,36279.21013911691,36001.07,36689.36,235.9,False,271.5
41,1.0,100,zstd,zipfian,mean,79.44262061119079,78.654,79.944,0.436,34106.8804292959,33896.06,34481.83,202.52,False,278.46
42,2.0,1,none,uniform,mean,75.19234075546265,75.025,75.463,0.174,36121.3381955788,35957.08,36230.86,101.83,False,285.06
43,0.5,1,none,zipfian,mean,78.8839750289917,78.463,79.325,0.311,34385.244254135,34148.81,34586.18,152.19,False,291.96
44,8.0,500,zstd,zipfian,mean,77.09020662307739,76.672,77.422,0.266,35247.62952771145,35085.8,35458.05,131.04,False,298.72
45,8.0,1,none,uniform,mean,75.14440021514892,74.096,75.586,0.58,36167.89301412794,35936.89,36749.93,317.01,False,305.32
46,0.25,500,zstd,zipfian,mean,97.02808194160461,96.331,97.948,0.542,27625.40321848915,27351.3,27841.82,163.85,False,313.74
47,1.0,1,snappy,uniform,mean,74.78540325164795,74.215,75.253,0.332,36313.246966582825,36053.8,36612.75,179.02,False,320.3
48,8.0,100,none,latest,mean,76.13389320373535,75.667,76.62,0.333,35737.70729856214,35533.35,35867.4,131.88,False,326.98
49,0.25,100,none,latest,mean,80.78553357124329,79.391,85.169,2.203,33978.48984669793,33826.64,34131.51,111.92,False,334.05
50,1.0,1,none,zipfian,mean,77.72641019821167,77.193,78.081,0.312,34939.733353614734,34799.16,35148.42,127.95,False,340.86
51,8.0,100,zstd,zipfian,mean,77.02991299629211,76.65,77.339,0.26,35279.93346835759,35125.75,35463.45,124.6,False,347.61
52,0.5,500,snappy,uniform,mean,74.99104795455932,74.391,75.723,0.432,36318.42990754822,36132.67,36508.84,120.15,False,354.19
53,0.25,100,zstd,zipfian,mean,96.91611528396606,96.458,97.385,0.385,27660.789057306294,27494.66,27803.42,122.59,False,362.6
54,2.0,500,snappy,latest,mean,75.71297507286071,75.476,76.136,0.242,35922.600328566914,35715.78,36055.83,125.5,False,369.24
55,0.5,1,zstd,zipfian,mean,87.48354182243347,87.01,88.076,0.38,30805.750412630296,30581.41,30962.75,136.37,False,376.87
56,6.0,1,snappy,zipfian,mean,76.83647150993347,76.55,77.441,0.315,35373.811166189116,35089.16,35519.54,148.2,False,383.6
57,4.0,100,zstd,latest,mean,76.46740026474,76.254,76.7,0.157,35560.89732319344,35434.98,35668.01,85.42,False,390.31
58,8.0,500,zstd,latest,mean,76.52290120124817,75.683,76.991,0.48,35534.93524869495,35304.5,35951.02,238.12,False,397.02
59,1.0,1,none,latest,mean,76.90378122329712,76.337,77.265,0.367,35359.455566729506,35165.8,35654.1,190.45,False,403.76
60,0.5,100,none,latest,mean,78.24119896888733,77.435,79.407,0.694,34787.71785627094,34567.97,35099.75,207.41,False,410.62
61,1.0,500,snappy,latest,mean,76.74312863349914,76.482,77.138,0.217,35404.41984502219,35212.24,35529.4,105.5,False,417.34
62,2.0,1,zstd,zipfian,mean,77.11637806892395,76.589,77.331,0.277,35232.490045974264,35125.75,35476.23,130.55,False,424.1
63,6.0,100,zstd,zipfian,mean,77.07140150070191,76.685,77.364,0.231,35254.87846447891,35109.86,35445.28,112.33,False,430.86
64,4.0,500,snappy,zipfian,mean,76.5784239768982,76.398,76.834,0.157,35505.90827474882,35382.09,35592.63,75.19,False,437.57
65,4.0,1,snappy,latest,mean,75.8706624507904,75.226,76.469,0.466,35864.45561981302,35566.42,36176.59,230.03,False,444.23
66,4.0,1,snappy,uniform,mean,76.1091745853424,74.382,79.907,1.941,36165.488988750956,35935.37,36505.72,205.77,False,450.91
67,6.0,1,none,latest,mean,76.56650862693786,76.303,76.96,0.262,35518.62583065762,35348.37,35673.97,128.27,False,457.62
68,0.5,100,zstd,latest,mean,84.2020034313202,83.935,84.554,0.22,32085.622269098105,31931.75,32240.19,106.84,False,464.97
69,4.0,100,none,uniform,mean,75.36908736228943,74.516,76.25,0.718,36141.080228735475,35644.67,36500.51,299.35,False,471.59
70,0.25,500,zstd,latest,mean,93.12105326652527,91.795,93.861,0.715,28845.662037590442,28605.27,29282.24,234.56,False,479.68
71,6.0,500,snappy,zipfian,mean,76.89294624328613,76.62,77.448,0.324,35346.00142423309,35088.2,35493.93,151.66,False,486.42
72,8.0,1,none,zipfian,mean,77.27463593482972,77.162,77.363,0.074,35194.36018635051,35155.18,35248.11,35.24,False,493.19
73,0.25,500,none,latest,mean,79.5274003982544,78.727,80.461,0.601,34092.6446262256,33722.37,34446.57,251.58,False,500.15
74,0.5,500,none,latest,mean,77.77971239089966,77.382,78.236,0.29,34899.25025190257,34690.23,35060.81,128.01,False,506.97
75,6.0,100,none,zipfian,mean,77.10578541755676,76.907,77.442,0.232,35270.43637763548,35065.13,35375.24,128.55,False,513.73
76,0.5,1,none,uniform,mean,74.95007009506226,74.702,75.171,0.149,36244.66324875016,36097.52,36489.59,130.48,False,520.31
77,1.0,100,zstd,uniform,mean,75.30901761054993,74.754,76.118,0.459,36028.49986747124,35622.84,36312.06,231.27,False,526.92
78,2.0,1,snappy,latest,mean,76.02344636917114,75.686,76.443,0.258,35752.640170175255,35570.87,35948.49,139.89,False,533.58
79,1.0,500,snappy,uniform,mean,74.79541306495666,74.402,75.309,0.384,36312.51482952405,36035.53,36504.68,206.68,False,540.15
80,6.0,1,zstd,uniform,mean,74.85964879989623,74.28,75.777,0.544,36258.485812808096,35786.68,36562.03,280.28,False,546.72
81,4.0,100,snappy,zipfian,mean,76.6766176700592,75.746,77.484,0.611,35441.3071975713,34953.58,35917.73,330.86,False,553.45
82,0.5,1,none,latest,mean,77.66033554077148,76.949,78.474,0.537,34969.48237205866,34574.97,35310.34,255.4,False,560.25
83,0.25,1,zstd,zipfian,mean,96.85462408065796,96.288,97.542,0.418,27684.710450277467,27505.29,27843.64,114.65,False,568.66
84,2.0,1,zstd,latest,mean,76.39518957138061,76.153,76.711,0.18,35585.175902449264,35439.88,35657.58,76.27,False,575.35
85,2.0,100,zstd,latest,mean,76.43320212364196,76.005,76.741,0.328,35568.02532877085,35412.92,35775.18,159.37,False,582.06
86,1.0,1,zstd,latest,mean,77.77984800338746,77.248,78.385,0.477,34905.63031038936,34647.03,35151.8,215.54,False,588.87
87,6.0,500,zstd,zipfian,mean,77.02738347053528,76.146,78.002,0.624,35294.20679224997,34838.46,35743.71,305.93,False,595.63
88,2.0,100,zstd,zipfian,mean,77.20444703102112,76.836,77.648,0.266,35189.675501260404,34978.41,35374.75,129.71,False,602.39
89,1.0,1,zstd,uniform,mean,74.56517581939697,74.402,74.738,0.128,36437.207167926725,36321.33,36537.5,80.78,True,608.94
90,4.0,500,snappy,uniform,mean,76.04639110565185,74.618,79.865,1.935,36180.82831724012,35902.11,36376.04,166.13,False,615.61
