evaluation_id,cache_GB,journal_ms,compressor,distribution,repetition,duration_avg,duration_min,duration_max,duration_std,throughput_avg,throughput_min,throughput_max,throughput_std,elapsed_minutes
1,0.25,1,none,uniform,mean,72.5325581073761,71.631,73.04,0.584,37463.70954898104,37134.82,37958.54,327.63,6.38
2,0.5,1,none,uniform,mean,72.16674485206605,71.701,72.592,0.296,37680.255028447405,37459.21,37920.87,152.21,12.73
3,1.0,1,none,uniform,mean,72.32133026123047,72.068,72.578,0.165,37589.70473315964,37446.61,37743.08,96.22,19.09
4,2.0,1,none,uniform,mean,72.47970914840698,72.042,72.733,0.232,37500.89402970016,37368.44,37738.07,125.42,25.46
5,4.0,1,none,uniform,mean,72.21997175216674,71.591,73.075,0.559,37653.424254908634,37165.55,38016.04,319.09,31.81
6,6.0,1,none,uniform,mean,72.65326991081238,72.284,72.943,0.218,37398.94388318104,37248.83,37599.51,117.04,38.2
7,8.0,1,none,uniform,mean,72.52670660018921,72.191,72.981,0.291,37488.32204817465,37264.01,37665.34,148.17,44.58
8,0.25,100,none,uniform,mean,72.23722748756408,71.94,72.632,0.308,37650.913023017216,37429.64,37837.92,180.28,50.93
9,0.5,100,none,uniform,mean,72.40105018615722,71.94,72.764,0.283,37540.82987009453,37334.66,37802.16,156.36,57.3
10,1.0,100,none,uniform,mean,72.23292293548585,71.871,72.399,0.198,37643.01673463534,37548.77,37830.65,102.02,63.65
11,2.0,100,none,uniform,mean,72.5104489326477,71.898,72.907,0.352,37491.24490642332,37277.03,37822.82,192.36,70.02
12,4.0,100,none,uniform,mean,72.14172825813293,71.826,72.484,0.25,37692.638231094395,37525.1,37863.66,131.67,76.37
13,6.0,100,none,uniform,mean,72.64714083671569,72.233,73.365,0.425,37407.53585474494,37041.32,37623.27,220.69,82.76
14,8.0,100,none,uniform,mean,72.5143012046814,72.194,73.131,0.345,37484.096359467,37141.82,37668.11,190.37,89.13
15,0.25,500,none,uniform,mean,72.19405989646911,72.069,72.317,0.088,37664.49385140815,37601.72,37712.5,40.19,95.48
16,0.5,500,none,uniform,mean,72.44385905265808,71.933,72.926,0.408,37539.60606458903,37260.75,37808.3,211.22,101.85
17,1.0,500,none,uniform,mean,72.40115485191345,72.009,73.092,0.431,37613.5223827163,37370.08,37781.52,155.85,108.22
18,2.0,500,none,uniform,mean,72.55157127380372,71.891,73.104,0.4,37466.12971461624,37175.26,37817.8,213.69,114.6
19,4.0,500,none,uniform,mean,72.64625029563904,72.099,73.146,0.338,37409.52630462057,37136.97,37704.72,182.8,120.99
20,6.0,500,none,uniform,mean,72.6597056388855,72.282,73.135,0.273,37398.941208183,37144.52,37605.03,147.33,127.37
21,8.0,500,none,uniform,mean,73.39689321517945,72.172,77.249,1.937,37558.80918197465,37379.9,37688.07,130.56,133.82
22,0.25,1,snappy,uniform,mean,71.976073884964,71.779,72.444,0.242,37790.109928293634,37615.53,37869.26,92.61,140.16
23,0.5,1,snappy,uniform,mean,72.41230797767639,72.081,72.662,0.199,37520.8956331484,37363.54,37679.2,124.56,146.52
24,1.0,1,snappy,uniform,mean,72.44969191551209,71.936,72.993,0.357,37490.78132614051,37209.3,37769.81,189.63,152.89
25,2.0,1,snappy,uniform,mean,72.22584280967712,71.739,72.82,0.357,37611.53447421733,37294.41,37886.64,191.83,159.25
26,4.0,1,snappy,uniform,mean,72.4812237739563,72.077,72.828,0.301,37469.7446485208,37272.14,37678.64,157.79,165.62
27,6.0,1,snappy,uniform,mean,72.51604351997375,71.859,73.191,0.529,37455.539618118026,37108.98,37799.93,283.01,172.0
28,8.0,1,snappy,uniform,mean,72.07601499557495,71.795,72.391,0.189,37704.76901089038,37533.35,37847.43,100.14,178.34
29,0.25,100,snappy,uniform,mean,72.19068036079406,71.908,72.477,0.196,37682.534358559366,37571.91,37815.0,93.4,184.69
30,0.5,100,snappy,uniform,mean,72.20230631828308,71.737,73.07,0.486,37619.1158725366,37145.05,37863.66,268.62,191.04
31,1.0,100,snappy,uniform,mean,72.21226363182068,71.9,72.602,0.282,37623.81001410287,37412.68,37793.79,156.69,197.39
32,2.0,100,snappy,uniform,mean,72.27404327392578,71.762,73.031,0.431,37591.42993542198,37182.28,37860.3,230.45,203.74
33,4.0,100,snappy,uniform,mean,72.29206609725952,72.104,72.534,0.147,37584.7733809384,37455.92,37694.73,80.22,210.1
34,6.0,100,snappy,uniform,mean,72.33986096382141,71.976,72.704,0.306,37558.8143012997,37369.54,37764.8,172.3,216.46
35,8.0,100,snappy,uniform,mean,72.62046298980712,72.198,73.094,0.359,37388.90094272576,37127.28,37614.98,196.0,222.85
36,0.25,500,snappy,uniform,mean,72.34473023414611,71.971,72.656,0.264,37559.58317713316,37389.18,37770.93,145.98,229.21
37,0.5,500,snappy,uniform,mean,72.26619939804077,71.675,72.67,0.375,37618.31267658039,37355.36,37995.16,251.69,235.57
38,1.0,500,snappy,uniform,mean,72.12727136611939,71.791,72.478,0.228,37664.958938542244,37469.08,37840.71,122.27,241.91
39,2.0,500,snappy,uniform,mean,72.36336002349853,71.984,73.035,0.442,37526.40435605359,37166.09,37736.96,238.61,248.27
40,4.0,500,snappy,uniform,mean,72.09923682212829,71.887,72.195,0.112,37680.18398914342,37637.1,37797.69,61.35,254.61
41,6.0,500,snappy,uniform,mean,72.24608736038208,72.132,72.463,0.127,37594.57729100918,37470.73,37665.34,75.21,260.97
42,8.0,500,snappy,uniform,mean,72.26359124183655,71.952,72.513,0.196,37589.781731007315,37451.54,37768.7,110.28,267.32
43,0.25,1,zstd,uniform,mean,73.12348246574402,72.446,73.637,0.428,37177.52776475051,36922.72,37476.21,200.35,273.75
44,0.5,1,zstd,uniform,mean,72.76585640907288,72.379,73.193,0.315,37369.28082548441,37121.35,37585.71,176.84,280.15
45,1.0,1,zstd,uniform,mean,72.66598916053772,72.159,73.127,0.343,37434.15323602959,37182.82,37725.84,194.91,286.54
46,2.0,1,zstd,uniform,mean,72.61052684783935,71.574,73.503,0.715,37453.356251208854,36974.98,38022.81,387.82,292.92
47,4.0,1,zstd,uniform,mean,72.5590440273285,72.035,73.13,0.375,37490.86226006117,37180.66,37781.52,207.54,299.3
48,6.0,1,zstd,uniform,mean,72.49626746177674,71.957,73.164,0.422,37517.11953584458,37181.2,37797.69,216.94,305.68
49,8.0,1,zstd,uniform,mean,72.40861277580261,71.528,72.786,0.465,37565.43497618166,37368.44,38049.94,252.2,312.04
50,0.25,100,zstd,uniform,mean,72.86834945678712,72.197,73.526,0.557,37328.71909690446,36937.11,37690.85,308.6,318.45
51,0.5,100,zstd,uniform,mean,72.8978681564331,72.467,73.119,0.249,37404.077350507476,37192.0,37713.06,195.37,324.86
52,1.0,100,zstd,uniform,mean,72.18729934692382,71.411,72.836,0.456,37687.168949391285,37328.12,38107.15,249.56,331.21
53,2.0,100,zstd,uniform,mean,72.64341750144959,72.147,72.938,0.281,37439.44503659294,37272.14,37710.28,151.63,337.59
54,4.0,100,zstd,uniform,mean,73.296342420578,71.822,77.252,1.994,37635.17577433543,37492.13,37885.51,139.34,344.04
55,6.0,100,zstd,uniform,mean,72.47834730148315,72.289,72.708,0.146,37541.529072305726,37402.84,37676.42,96.55,350.41
56,8.0,100,zstd,uniform,mean,72.46903114318847,72.0,72.821,0.298,37531.23308131619,37325.95,37793.79,166.74,356.78
57,0.25,500,zstd,uniform,mean,72.92040657997131,72.329,73.543,0.463,37317.96665223983,36961.64,37598.95,235.36,363.19
58,0.5,500,zstd,uniform,mean,72.75902361869812,72.469,73.017,0.183,37366.44353519722,37217.96,37517.95,104.15,369.59
59,1.0,500,zstd,uniform,mean,72.40841341018677,72.011,72.891,0.309,37573.54123596549,37302.56,37780.4,179.08,375.96
60,2.0,500,zstd,uniform,mean,72.44403519630433,72.347,72.601,0.097,37535.736730939716,37457.57,37594.54,51.43,382.33
61,4.0,500,zstd,uniform,mean,72.25964183807373,71.69,72.613,0.383,37652.79539126951,37452.64,37970.37,222.12,388.68
62,6.0,500,zstd,uniform,mean,72.4573097705841,72.202,72.633,0.162,37540.704483863476,37446.06,37671.43,85.48,395.05
63,8.0,500,zstd,uniform,mean,72.4121702671051,72.073,72.933,0.323,37566.847276403896,37287.89,37759.78,170.58,401.42
64,0.25,1,none,zipfian,mean,72.1723093032837,71.586,72.811,0.388,37695.43271847915,37348.82,38034.68,217.57,407.77
65,0.5,1,none,zipfian,mean,72.66776242256165,72.506,72.769,0.087,37401.19685690567,37322.68,37515.2,62.77,414.16
66,1.0,1,none,zipfian,mean,72.85502820014953,72.354,73.28,0.372,37302.7148617463,37068.68,37584.05,205.74,420.56
67,2.0,1,none,zipfian,mean,72.43155479431152,71.781,73.379,0.534,37592.37012266314,37304.73,37882.71,197.27,426.93
68,4.0,1,none,zipfian,mean,72.45263104438781,72.191,72.72,0.215,37521.95021003813,37378.27,37662.01,117.46,433.3
69,6.0,1,none,zipfian,mean,72.76854939460755,72.498,72.974,0.156,37336.6973944462,37234.74,37486.64,84.4,439.7
70,8.0,1,none,zipfian,mean,72.63492584228516,72.432,72.83,0.165,37414.65613147705,37309.08,37525.1,92.17,446.09
71,0.25,100,none,zipfian,mean,72.38786792755127,71.872,72.863,0.315,37575.38213178981,37305.28,37858.62,175.59,452.45
72,0.5,100,none,zipfian,mean,72.66612792015076,72.071,73.328,0.523,37454.166629494255,37024.72,37701.95,247.34,458.84
73,1.0,100,none,zipfian,mean,72.32444543838501,72.001,72.765,0.288,37580.66621583368,37323.22,37758.67,161.93,465.2
74,2.0,100,none,zipfian,mean,72.67131056785584,71.907,73.383,0.471,37408.222655261285,37029.0,37813.33,249.76,471.59
75,4.0,100,none,zipfian,mean,73.99747886657715,72.724,78.243,2.132,37260.43717575539,37053.12,37368.99,111.63,478.09
76,6.0,100,none,zipfian,mean,72.57865943908692,72.387,72.913,0.201,37452.72306336451,37279.74,37568.06,107.09,484.47
77,8.0,100,none,zipfian,mean,72.42821793556213,72.244,72.757,0.189,37528.607188134425,37337.38,37627.14,108.49,490.84
78,0.25,500,none,zipfian,mean,72.31954402923584,71.947,72.744,0.275,37594.66821316432,37393.01,37816.68,146.77,497.2
79,0.5,500,none,zipfian,mean,72.5236397743225,72.162,72.796,0.23,37472.897446398376,37324.86,37661.46,124.93,503.58
80,1.0,500,none,zipfian,mean,72.60926761627198,72.338,72.743,0.161,37429.82035567906,37351.0,37572.47,82.99,509.96
81,2.0,500,none,zipfian,mean,72.74448990821838,72.282,73.074,0.279,37356.82091905056,37186.06,37599.51,148.76,516.36
82,4.0,500,none,zipfian,mean,72.57679686546325,72.093,73.294,0.451,37562.31737341195,37271.6,37719.17,156.66,522.74
83,6.0,500,none,zipfian,mean,72.63601384162902,72.179,73.072,0.323,37412.17114953131,37174.72,37650.93,173.46,529.12
84,8.0,500,none,zipfian,mean,72.66056704521179,72.208,72.976,0.253,37400.40482266234,37220.12,37640.97,138.97,535.51
85,0.25,1,snappy,zipfian,mean,71.81471800804138,71.503,72.135,0.202,37870.09948452897,37716.95,38035.24,102.44,541.83
86,0.5,1,snappy,zipfian,mean,72.25654191970825,71.851,73.012,0.404,37591.57196136561,37213.63,37804.95,204.64,548.19
87,1.0,1,snappy,zipfian,mean,72.54955801963806,72.106,72.835,0.256,37432.78152041997,37287.35,37666.45,139.4,554.57
88,2.0,1,snappy,zipfian,mean,72.24982891082763,71.95,72.938,0.362,37602.60516286547,37214.17,37767.58,203.68,560.92
89,4.0,1,snappy,zipfian,mean,72.30779185295106,71.573,73.049,0.468,37575.96896791422,37171.48,37976.0,255.51,567.28
90,6.0,1,snappy,zipfian,mean,72.21586833000183,71.875,72.598,0.284,37620.91057459028,37417.05,37813.33,153.7,573.63
91,8.0,1,snappy,zipfian,mean,72.24678444862366,71.983,72.696,0.285,37604.81703694181,37364.08,37760.34,158.7,579.98
92,0.25,100,snappy,zipfian,mean,72.33266406059265,72.058,72.871,0.287,37573.962200360744,37288.43,37721.95,151.48,586.34
93,0.5,100,snappy,zipfian,mean,72.08057866096496,71.901,72.473,0.214,37699.019890805976,37559.79,37768.7,82.45,592.69
94,1.0,100,snappy,zipfian,mean,72.54249629974365,72.094,73.076,0.313,37429.0128647306,37128.35,37668.11,172.72,599.06
95,2.0,100,snappy,zipfian,mean,72.4795594215393,72.069,73.215,0.404,37586.80380087859,37459.21,37695.84,89.9,605.44
96,4.0,100,snappy,zipfian,mean,72.2683434009552,72.086,72.482,0.132,37586.63503493713,37470.18,37699.17,76.76,611.79
97,6.0,100,snappy,zipfian,mean,72.33067674636841,71.917,72.962,0.354,37557.97634917275,37219.04,37773.71,187.9,618.15
98,8.0,100,snappy,zipfian,mean,72.27486815452576,71.89,72.482,0.235,37585.82753238363,37460.86,37787.65,130.6,624.51
99,0.25,500,snappy,zipfian,mean,72.26802668571472,71.582,72.779,0.427,37616.47201666924,37340.1,37967.55,228.58,630.87
100,0.5,500,snappy,zipfian,mean,72.20424470901489,71.946,72.544,0.229,37611.90139699784,37414.87,37741.97,131.83,637.22
101,1.0,500,snappy,zipfian,mean,72.52325825691223,71.918,73.29,0.494,37444.78752272898,37019.9,37773.71,274.25,643.59
102,2.0,500,snappy,zipfian,mean,72.47721724510193,72.157,72.76,0.255,37469.73985963693,37303.65,37653.15,143.49,649.97
103,4.0,500,snappy,zipfian,mean,72.44971480369568,71.886,72.833,0.352,37481.82671165402,37271.6,37806.07,194.49,656.34
104,6.0,500,snappy,zipfian,mean,72.42525029182434,72.277,72.574,0.105,37502.87631989356,37416.51,37587.91,59.03,662.71
105,8.0,500,snappy,zipfian,mean,72.59280395507812,71.755,73.373,0.52,37416.58265808191,36994.75,37878.79,284.07,669.09
106,0.25,1,zstd,zipfian,mean,73.28972797393799,72.934,73.448,0.193,37093.56106946719,37022.04,37334.11,120.65,675.53
107,0.5,1,zstd,zipfian,mean,72.79050931930541,72.114,73.335,0.416,37354.53173233925,37084.25,37706.95,215.93,681.93
108,1.0,1,zstd,zipfian,mean,72.4624252796173,72.164,72.79,0.235,37560.08857519396,37359.72,37691.96,124.17,688.3
109,2.0,1,zstd,zipfian,mean,72.15278038978576,71.483,72.484,0.353,37704.31623412378,37547.12,38062.95,187.22,694.65
110,4.0,1,zstd,zipfian,mean,72.39846696853638,72.188,72.594,0.166,37573.371142784876,37469.08,37703.06,95.59,701.01
111,6.0,1,zstd,zipfian,mean,72.58874387741089,72.415,72.891,0.182,37474.10321716929,37342.28,37555.38,85.63,707.4
112,8.0,1,zstd,zipfian,mean,72.2714220046997,71.809,72.688,0.286,37635.02774054087,37420.34,37872.62,148.75,713.75
113,0.25,100,zstd,zipfian,mean,72.99841256141663,72.702,73.25,0.241,37256.88390290802,37108.44,37424.71,132.34,720.17
114,0.5,100,zstd,zipfian,mean,72.48782467842102,72.217,72.866,0.246,37520.645091753744,37324.31,37658.13,135.87,726.54
115,1.0,100,zstd,zipfian,mean,72.44244465827941,71.972,73.232,0.431,37556.13754376441,37110.59,37848.55,247.47,732.91
116,2.0,100,zstd,zipfian,mean,72.48099575042724,72.109,72.967,0.335,37538.185688926395,37259.13,37734.74,191.44,739.29
117,4.0,100,zstd,zipfian,mean,72.72429132461548,72.379,73.035,0.22,37407.577856299926,37226.62,37582.95,116.88,745.68
118,6.0,100,zstd,zipfian,mean,72.77735242843627,72.483,73.076,0.194,37360.52848856819,37199.57,37509.16,99.41,752.08
119,8.0,100,zstd,zipfian,mean,72.41295900344849,72.112,72.937,0.288,37583.5373993642,37307.45,37729.73,148.69,758.45
120,0.25,500,zstd,zipfian,mean,74.11206092834473,72.692,78.22,2.065,37251.124402412875,37134.82,37418.15,113.95,764.96
121,0.5,500,zstd,zipfian,mean,72.5359932422638,72.218,72.964,0.336,37501.19030288564,37271.6,37651.49,175.63,771.33
122,1.0,500,zstd,zipfian,mean,72.29146409034729,71.981,72.515,0.217,37647.762152688505,37499.82,37818.35,118.26,777.69
123,2.0,500,zstd,zipfian,mean,72.58603572845459,72.207,73.253,0.365,37479.31768481697,37134.82,37703.61,195.28,784.07
124,4.0,500,zstd,zipfian,mean,72.86371264457702,72.732,73.013,0.116,37328.53512770698,37241.78,37402.84,56.52,790.48
125,6.0,500,zstd,zipfian,mean,72.25979542732239,71.948,72.678,0.245,37649.55298991199,37421.98,37839.6,137.25,796.83
126,8.0,500,zstd,zipfian,mean,72.52464799880981,71.898,73.153,0.505,37496.768088040364,37154.22,37854.7,274.19,803.21
127,0.25,1,none,latest,mean,71.95422420501708,71.425,72.629,0.449,37789.429451777694,37421.43,38073.14,242.29,809.54
128,0.5,1,none,latest,mean,71.94769926071167,71.444,72.412,0.313,37787.383421905084,37535.01,38051.64,166.84,815.87
129,1.0,1,none,latest,mean,71.90956592559814,71.579,72.495,0.308,37820.90205952283,37498.17,37996.29,169.16,822.2
130,2.0,1,none,latest,mean,71.97849397659301,71.717,72.355,0.239,37780.09273567819,37571.36,37939.98,133.45,828.53
131,4.0,1,none,latest,mean,72.14512906074523,71.645,73.079,0.551,37692.801737877846,37177.96,37978.81,306.71,834.87
132,6.0,1,none,latest,mean,72.24060773849487,71.94,72.793,0.307,37628.45342981906,37333.02,37801.04,169.03,841.23
133,8.0,1,none,latest,mean,72.28889446258545,71.617,72.548,0.349,37609.37924982591,37464.15,37991.78,197.94,847.58
134,0.25,100,none,latest,mean,72.31488018035888,71.629,72.653,0.369,37587.002044218774,37401.75,37962.48,201.63,853.94
135,0.5,100,none,latest,mean,72.05058159828187,71.381,72.593,0.404,37726.69332094783,37427.99,38109.98,230.93,860.28
136,1.0,100,none,latest,mean,71.82937035560607,71.466,72.059,0.198,37861.67863153693,37725.84,38081.07,118.43,866.6
137,2.0,100,none,latest,mean,72.07204232215881,71.659,72.522,0.3,37733.37610833994,37490.48,37980.51,168.57,872.94
138,4.0,100,none,latest,mean,71.9098671913147,71.442,72.311,0.358,37829.83324257282,37600.06,38098.07,202.65,879.27
139,6.0,100,none,latest,mean,72.14456295967102,71.712,72.568,0.293,37690.71798068481,37452.64,37952.91,169.2,885.61
140,8.0,100,none,latest,mean,71.84074807167053,71.58,72.174,0.195,37863.95518972649,37684.74,38005.31,105.43,891.93
141,0.25,500,none,latest,mean,71.81684303283691,71.436,72.057,0.241,37861.39038793629,37740.3,38053.9,125.76,898.25
142,0.5,500,none,latest,mean,72.00322713851929,71.343,72.538,0.456,37762.02982032046,37459.21,38140.08,252.8,904.58
143,1.0,500,none,latest,mean,71.92229671478272,71.202,72.939,0.64,37820.37876249248,37241.78,38190.71,343.72,910.91
144,2.0,500,none,latest,mean,72.04036979675293,71.615,72.506,0.284,37747.16792888135,37497.62,37983.32,154.89,917.25
145,4.0,500,none,latest,mean,71.88053379058837,71.504,72.431,0.311,37843.17528396018,37534.46,38038.07,171.8,923.57
146,6.0,500,none,latest,mean,71.8282413482666,71.293,72.456,0.38,37868.93903656294,37532.25,38170.22,207.01,929.89
147,8.0,500,none,latest,mean,71.80220055580139,71.602,72.054,0.179,37884.507559509264,37750.32,37983.89,92.54,936.21
148,0.25,1,snappy,latest,mean,71.44900088310241,71.276,71.62,0.115,38047.80081267112,37939.42,38134.39,68.2,942.49
149,0.5,1,snappy,latest,mean,72.11942844390869,71.894,72.464,0.21,37662.78867176278,37483.34,37784.3,111.82,948.84
150,1.0,1,snappy,latest,mean,71.62417387962341,71.457,71.895,0.146,37942.40043334475,37796.02,38038.07,81.04,955.14
151,2.0,1,snappy,latest,mean,71.5820342540741,70.809,71.885,0.401,37976.35858122126,37808.3,38417.67,229.34,961.44
152,4.0,1,snappy,latest,mean,71.85284175872803,71.523,72.234,0.288,37876.75236639973,37616.08,38101.47,193.57,967.76
153,6.0,1,snappy,latest,mean,72.02312159538269,71.202,73.013,0.599,37728.508551394894,37165.01,38203.82,342.2,974.09
154,8.0,1,snappy,latest,mean,71.8477108001709,71.473,72.324,0.32,37815.612337149105,37555.38,38029.59,177.47,980.41
155,0.25,100,snappy,latest,mean,71.77437696456909,71.272,72.511,0.472,37972.97106610745,37671.99,38138.37,174.39,986.73
156,0.5,100,snappy,latest,mean,71.7933358669281,71.015,72.37,0.469,37856.795709834165,37540.51,38289.53,258.32,993.05
157,1.0,100,snappy,latest,mean,71.56792798042298,70.967,72.218,0.408,37982.85793025305,37626.03,38317.62,225.36,999.34
158,2.0,100,snappy,latest,mean,71.77189383506774,71.45,72.137,0.264,37861.90894666784,37647.61,38037.5,150.59,1005.66
159,4.0,100,snappy,latest,mean,71.81637072563171,71.369,72.188,0.278,37833.57078511517,37640.42,38075.97,147.46,1011.98
160,6.0,100,snappy,latest,mean,71.90706257820129,71.596,72.148,0.187,37792.75504782806,37653.7,37966.99,107.68,1018.3
161,8.0,100,snappy,latest,mean,71.83707342147827,71.401,72.172,0.279,37834.277508128675,37654.81,38071.44,151.99,1024.62
162,0.25,500,snappy,latest,mean,71.5179618358612,71.048,71.774,0.258,37995.519134509064,37844.63,38267.78,149.12,1030.91
163,0.5,500,snappy,latest,mean,71.95591273307801,71.566,72.344,0.27,37747.46125541461,37538.31,37973.18,149.95,1037.24
164,1.0,500,snappy,latest,mean,71.77457890510559,71.264,72.47,0.414,37855.76915613342,37475.11,38144.62,230.08,1043.56
165,2.0,500,snappy,latest,mean,71.76129441261291,71.366,72.219,0.363,37872.539449151605,37608.9,38083.9,197.94,1049.87
166,4.0,500,snappy,latest,mean,72.890789604187,71.639,77.092,2.115,37809.59596088381,37566.95,37941.1,139.21,1056.28
167,6.0,500,snappy,latest,mean,71.87274274826049,71.435,72.354,0.36,37813.7259769366,37539.41,38057.86,201.18,1062.6
168,8.0,500,snappy,latest,mean,71.78749423027038,71.612,71.976,0.133,37853.611453482285,37749.76,37957.98,72.76,1068.92
169,0.25,1,zstd,latest,mean,72.16491050720215,71.603,72.774,0.374,37684.11004730329,37354.81,37998.55,207.35,1075.27
170,0.5,1,zstd,latest,mean,71.94850535392762,71.495,72.306,0.28,37844.08636112759,37643.74,38071.44,147.61,1081.59
171,1.0,1,zstd,latest,mean,72.10408735275269,71.475,72.805,0.539,37756.96340179856,37377.17,38128.71,294.69,1087.94
172,2.0,1,zstd,latest,mean,71.86589665412903,71.254,72.515,0.459,37882.14311172189,37536.66,38204.39,243.07,1094.26
173,4.0,1,zstd,latest,mean,72.11954326629639,71.734,72.385,0.25,37733.74862908032,37570.26,37920.31,131.54,1100.6
174,6.0,1,zstd,latest,mean,71.79236812591553,71.271,72.141,0.331,37909.98484045075,37725.28,38211.81,185.72,1106.92
175,8.0,1,zstd,latest,mean,71.79949922561646,71.325,71.989,0.249,37923.316236867264,37804.39,38194.7,142.95,1113.23
176,0.25,100,zstd,latest,mean,72.44895868301391,72.174,72.703,0.199,37534.20906626088,37401.75,37681.42,106.85,1119.61
177,0.5,100,zstd,latest,mean,72.16348190307617,71.652,72.793,0.476,37706.01020558384,37370.08,38003.06,255.18,1125.95
178,1.0,100,zstd,latest,mean,71.85541644096375,71.465,72.185,0.277,37902.10278767197,37750.32,38094.67,143.98,1132.27
179,2.0,100,zstd,latest,mean,71.68477082252502,71.375,72.15,0.297,37967.512834131274,37718.06,38142.35,168.78,1138.58
180,4.0,100,zstd,latest,mean,71.82444252967835,71.511,72.122,0.231,37887.126555783536,37726.95,38045.98,119.75,1144.9
181,6.0,100,zstd,latest,mean,72.152308511734,71.645,72.639,0.319,37707.23525888987,37431.83,37982.2,178.43,1151.25
182,8.0,100,zstd,latest,mean,71.67054147720337,70.962,72.163,0.41,37986.31385481312,37699.17,38380.23,232.04,1157.55
183,0.25,500,zstd,latest,mean,72.23971643447877,71.825,72.741,0.308,37652.01048473334,37390.28,37886.08,167.25,1163.91
184,0.5,500,zstd,latest,mean,71.78538665771484,71.505,72.108,0.208,37906.80455196713,37752.54,38062.95,108.28,1170.22
185,1.0,500,zstd,latest,mean,71.85027270317077,71.353,72.093,0.262,37869.8235479934,37706.39,38171.35,160.04,1176.54
186,2.0,500,zstd,latest,mean,71.86383938789368,71.439,72.352,0.292,37872.12076735743,37617.19,38098.64,152.85,1182.86
187,4.0,500,zstd,latest,mean,71.9079339504242,71.635,72.298,0.251,37839.009642618206,37626.59,38005.31,141.86,1189.19
188,6.0,500,zstd,latest,mean,71.90026960372924,71.466,72.141,0.239,37843.063901815316,37720.84,38078.24,130.38,1195.51
189,8.0,500,zstd,latest,mean,72.33417024612427,72.002,72.654,0.22,37617.7108086784,37429.64,37793.79,124.77,1201.88
